firstname,surname,date
Hortensia,Potts,2002-08-07
Pearl,Villagomez,1972-01-10
Tula,Dutton,2008-10-09
Luz,Mcfarlane,1980-11-22
Cherrie,Caron,2020-01-27
So,Burkett,1990-10-12
Bell,Hoyt,2007-09-27
Rosella,Carden,1999-03-10
Cherlyn,Sweet,1996-05-03
Della,Mcgraw,2017-06-01
Bennie,Valenti,1988-01-17
Emogene,Thames,1978-02-15
Sterling,Stidham,2009-05-03
Kathy,Mark,1977-03-12
Lashandra,Carrion,1985-04-11
Tayna,Yang,1978-07-25
Salvatore,Bowers,1981-11-11
Latisha,Mccaskill,2008-10-17
Kasandra,Boyette,1986-10-19
Apolonia,Slack,2005-08-03
Jewel,Bayer-Chalmers,2009-06-11
Joyce,Brogan,2013-07-14
Chery,Bible,2017-06-29
Selene,Callaway,1986-12-04
Consuela,Badger,1994-08-02
Viva,Tomlinson,1990-02-04
Shawna,Hines,2017-11-16
Kylee,Fonseca,1983-10-12
Idell,Maness,2007-01-03
Justina,Mcpherson,2021-07-23
Jocelyn,Funderburk,1986-01-19
Maddie,Daughtry,1977-05-07
Karol,Abney,1989-05-11
Jodie,Boettcher,2019-12-31
Dori,Coughlin,1974-06-11
Isaura,Messina,2020-01-22
Krystina,Hirsch-Le,2011-12-19
Jovan,Sage,1985-02-09
Jan,Lanier,2022-10-08
Cortez,Mundy,1976-07-17
Bernarda,Wicker,2004-09-11
Joslyn,Grider,1981-04-08
Georgann,Chin,2011-02-18
Melina,Dalton,1990-05-08
Jeff,Noriega,2011-12-21
Camille,Meeker,2005-02-15
Darrick,Graves,1974-02-08
Kalyn,Grissom,2020-05-28
Janice,Anthony,1978-09-27
Janean,Fenner,2005-11-12
Jaleesa,Winkler,2003-02-26
Shantay,Mcbride,2015-02-11
Hisako,Paxton,2013-07-17
Emmitt,Fowlkes,1989-11-12
Delcie,Southard,2004-11-08
Adelina,Shelby,2009-02-25
Jeanine,Olson,1990-07-11
Jennie,Boggs,2012-12-08
Santana,Becker,1977-05-30
Spencer,Whiting,1977-01-28
Veola,Ahmed,1978-12-23
Terrilyn,Dykes,1982-02-16
Lynna,Luce,1989-01-23
Guadalupe,Bermudez,1987-10-02
Vernice,Pappas,1971-09-02
Freida,Noland-Clevenger,2008-02-16
Rubye,Fowlkes,1981-01-10
Leigh,Bouchard,1999-10-20
Abby,Pemberton,2018-02-01
Melida,Raney,1995-02-11
Bethel,Dugger,1983-10-23
Alonso,Sargent,2008-06-16
Willie,Hamm,1994-12-27
Hiedi,Markley,2021-09-30
Mariann,Nolen,2007-07-28
Elida,Wilder,2006-09-14
Shelley,Mejia,1973-10-24
Karrie,Sharkey,2008-11-09
Lorenza,Soliz,1987-02-09
Allene,Waddell,1994-05-07
Margit,Alley,1970-06-10
Charleen,Spearman-Grace,2019-06-07
Oralee,Covey-Moultrie,2022-07-13
Margarito,Oglesby,2009-02-12
Dudley,Stpierre,2005-03-18
Lavada,Hartman,1973-07-17
Ellis,Pace,1994-02-08
Maurice,Mulligan,2012-02-05
Setsuko,Kell,2003-12-21
Edward,Sisk,1970-05-07
Racquel,Copeland-Pickard,2018-02-25
Demetrius,Cheney,2007-05-17
Ellena,Pipkin,1974-08-20
Preston,Hummel,2003-01-07
Genie,Ethridge,2019-04-29
Willa,Duke,1971-02-09
Mica,Lee,2021-09-10
Bette,Cornett,1998-08-31
Shaquana,Child,2012-07-17
Monnie,Lees,1973-06-28
Junior,Hibbard,2011-06-08
Babara,Mendenhall,2010-04-19
Marguerite,Bolt,1975-01-02
Cristie,Paine,1977-06-16
Audria,Machado,1983-12-06
Cristina,Connolly,1982-12-03
Robby,Tennant,2004-06-14
Susanna,Waggoner,1980-02-07
Doug,Dobson,1990-09-15
Granville,Westmoreland,1986-12-27
Autumn,Voss,1984-10-21
Ada,Fender,1977-09-13
Tyesha,Sturgis,2022-02-25
Shirly,Merritt,1970-11-11
Joie,Laws,1973-05-03
Elisha,Traylor,2018-07-19
Rossie,Comer-Clem,2020-04-01
Gabriella,Obrien,1971-06-24
Su,Cheek,2002-05-10
Donya,Mccollum,2010-03-26
Lakiesha,Watson-Chau,1990-03-01
Len,Atwood,2009-12-25
Darlena,Sayers,2021-03-05
Michael,Knox,1973-05-06
Jacinto,Laplante,1976-03-31
Lana,Fraser,1998-07-31
Merle,Dale,1988-05-25
Yon,Ingram,1976-09-10
Dina,Horning,1995-04-23
Jules,Penny,2021-03-04
Verdell,Knox,1996-12-20
Orville,Shumate,2003-01-03
Vikki,Pointer,2012-02-03
Zoraida,Rauch,2005-09-24
Oleta,Ingram-Willie,1987-01-22
Aletha,Baskin,1970-08-31
Burt,Gamboa-Beckman,2011-08-18
Avril,Autry,1994-06-12
Elwood,Womack,2016-01-05
Vennie,Rash,2019-03-04
Emory,Settle,1972-12-02
Dagmar,Nicholson,2019-08-30
Boyd,Haase,2022-07-18
Deedee,Flint,1995-08-01
Lesli,Dellinger,2015-12-08
Emanuel,Haight,1991-03-23
Hortencia,Lindstrom,1999-09-15
Gwendolyn,Pomeroy,2018-08-03
Larae,Jenson,1978-04-16
Sylvester,Huffman,1997-10-26
Brent,Davidson,1976-07-01
Vicenta,Logan,1993-12-08
Nellie,Dawkins,2021-07-20
Lanny,Kahn,1997-10-14
Assunta,Halverson,1988-07-19
Anibal,Hurley,2010-05-07
Tai,Byars,1991-08-03
Alecia,Keister,1990-11-09
Romelia,Peacock,1986-06-10
Yaeko,Cantwell,1983-06-15
Lillian,Hargrove,1970-07-29
Shari,Barraza,2014-10-22
Duane,Oneil,2003-02-15
Cheyenne,Ontiveros,2021-07-27
Carmon,Caron,1974-03-18
Mitchell,Numbers-Bentley,2022-04-22
Marlana,Waite-Tom,1974-11-10
Syreeta,Farrington,2013-01-11
Hulda,Shipley,2019-08-16
Latoya,Woodson,2006-12-03
Boris,Houser,1993-12-21
Krystina,Lanning-Forbes,2007-07-26
Herta,Akers,1986-12-04
Masako,Lundberg-Gunther,1997-03-02
Asley,Marsh,1982-09-03
Hattie,Arriola,2016-06-02
Ashley,Driver,1994-11-21
Dara,Cornett,2008-10-08
Bernetta,Farley,1975-10-17
Zofia,Robey,1998-10-15
Harold,Vargas,1995-04-05
Kacey,Brim,2006-02-01
Soon,Crum,1992-11-13
Seema,Kang,1994-05-12
Tamica,Dowdy,2005-02-20
Marline,Silver,1989-11-14
Zackary,Spain,2012-09-03
Pei,Randle,1998-01-10
Ira,Williams,2021-11-22
Layla,Araujo,2013-03-13
Zoe,Roybal,2020-11-06
Sherry,Vickery,1985-11-10
Jamika,Sosa,1992-07-19
Brendan,Faulk,2008-08-08
Garnet,Driscoll,1999-04-30
Freddy,Alger,2001-12-04
Lizzette,Corwin,1976-11-26
Jasmine,Furlong,2009-08-08
Lakisha,Cosgrove,2007-08-24
Calvin,Mount,2001-03-04
Charlotte,Dolan,1976-02-14
Terisa,Felton-Mckeown,2005-04-11
Vince,Tallent,1982-10-02
Marla,Washburn,2014-05-06
Lissa,Dale,1988-06-07
Cordia,Conover,2009-03-07
Ronnie,Doughty,2005-04-06
Sonia,Mccann,2009-03-07
Tomiko,Starks,1998-10-16
Wava,Fine,2001-05-03
Candy,Strain,2002-01-12
Kary,Cantu,2018-08-20
Ezra,Chin,2011-04-25
Justina,Ridgeway,1980-03-13
Roseanna,Kilgore,1971-01-10
Lenna,Nguyen,2014-07-17
Elwanda,Mullis,1973-08-06
Jermaine,Gore,2019-01-27
Eldridge,Ladd,1991-05-18
Marlin,Nobles,2015-08-14
Marcos,Ellison,1977-02-10
James,Holcombe,2003-07-26
Tania,Beasley,1979-02-27
Jovan,Orton,1977-07-30
Keisha,Keck-Monroe,2005-10-17
Cynthia,Harlow,2005-05-23
Clementine,Wooldridge,2015-04-10
Celine,Ho,1992-11-15
Lacy,Harkins,1980-02-20
Billi,Gooden,1976-07-31
Roxanne,Fink,2011-03-05
Tamatha,Adkins,1973-11-29
Deidre,Stanton,2017-05-29
Gino,Rains,2020-10-27
Coy,Fields,1983-09-07
Shavonda,Phelan,2010-09-13
Mui,Castleberry,2011-06-28
Kenyatta,Ewing,2015-02-11
Ronald,Hargis,1991-12-10
Jewel,Shores,1977-12-31
Neely,Wilbanks-Still,2022-04-12
Iola,Obrien,1998-07-29
Nakesha,Millard,1995-04-19
Tu,Barger,2013-08-18
Adelia,Middleton,1997-12-16
Ladonna,Berry,2007-12-16
Elba,Dowell,1989-12-19
Yoko,Farley,2004-12-29
Kassie,Dickson,1971-01-20
Brook,Ray,1970-03-19
Elenora,Fredericks,1973-10-14
Candra,Ridenour,2018-06-25
Aurelia,Gladney,2008-08-19
Floria,Pinkston,2003-11-29
Erna,Rosenthal,1971-02-23
Farah,Rankin,1992-03-13
Maryalice,Lightner,2002-04-16
Minda,Rincon,1973-06-14
Cheree,Hansen,2022-01-10
Joella,Oneal,2010-02-28
Tyrone,Mayers,2021-03-27
Emmy,Jarman,2003-01-16
Dalton,Philips,1995-07-11
Dione,Breeden,2016-05-22
Christy,Delossantos,1972-04-30
Dolly,Downs,2007-02-16
Nery,Lapointe,1986-12-10
Randell,Cote,1978-03-31
Merlyn,Peters,1995-07-07
Carlyn,Strong,2009-04-20
Chanell,Elrod,1976-06-28
Carolee,Seaton,1975-10-07
Ronna,Hoppe,1973-01-28
Tamela,Waterman,2021-06-05
Carrol,Conway,1995-01-22
Valerie,Maynard,1995-01-30
Karry,Tompkins,1981-11-09
Rupert,Martino,2020-11-28
Emmaline,Gamez,2016-01-13
Jeramy,Dees,1996-02-16
Adelia,Huey,1971-08-18
Bobby,Guffey,2021-11-03
Alecia,Keck,2005-12-16
Devona,Oh,2000-07-09
Kenda,Cecil,1985-05-29
Eleonor,Valle,1983-11-24
Blair,Cummings,1975-12-12
Hubert,Conover,1971-07-11
Edith,Keith,2010-09-25
Lyda,Navarro,1994-03-31
Camila,Corbin,1984-01-07
Leena,Carson,2009-11-11
Edwardo,Sykes,2000-08-06
Kathi,Nelms,1972-11-05
Brandi,Noland,1986-12-31
Shanna,Benoit,1997-01-18
Bobbie,Campbell,1995-07-15
August,Pope,2013-03-10
Aracelis,House,2003-09-24
Tracee,Bowens,2017-02-05
Phuong,Oglesby,1987-03-22
Larry,Vickers,2015-11-25
Karrie,Fellows,1972-10-30
Rolf,Majors,1985-05-27
Glinda,Alfaro,1979-10-28
Neely,Lopez,1991-05-03
Melanie,Perez,1977-09-25
Angelique,Krueger,1991-06-08
Mallory,Murdock,2005-02-16
Florida,Crist,2021-06-14
Rosamond,Goff,1973-09-06
Maia,Calkins,2005-05-26
Ayana,Battles-Merriman,1973-08-15
Mathew,Sikes,2021-01-17
Kendra,Linton,2006-08-04
Vannessa,Hiatt,2006-04-07
Cayla,Davenport,1994-07-22
Glenn,Dasilva,2002-04-11
Jeanne,Mccombs,1995-07-05
Tawnya,Hebert,2021-02-08
Brittni,Benner,1979-07-18
Roselyn,Burroughs,2004-02-15
Dixie,Thornhill,1993-08-22
Ivette,Camp,1976-02-19
Leanna,Fredrickson,2013-06-14
Dwana,Stamper,2003-12-02
Rodolfo,Gabbard,2016-03-06
Maybelle,Gibbs,1972-05-05
Van,Santiago,1992-10-19
Filiberto,Harwood,1999-04-12
Madalene,Christie,1971-06-07
Eunice,Weis,1988-12-10
Suzanne,Bowden,1977-04-01
Maddie,Donovan,2012-03-27
Jackeline,Phan,1982-06-14
Carlee,Velasco,1984-10-14
Lizeth,Wirth,1998-08-11
Socorro,Castro,1988-01-18
Phung,Powell,2013-10-25
Nickole,Abraham,1994-03-18
Charity,Sturdivant,2013-08-16
Mechelle,Hardee,2014-10-29
Annetta,Jeffers,2006-04-25
Emogene,Strange,1982-06-18
Genesis,Logue,1976-04-23
Dalton,Nickel,1992-01-03
Colin,Elliot,1987-01-30
Laurice,Killian,1996-07-21
Valarie,Sandberg,2017-09-04
Brandi,Mills,1974-06-18
Velia,Gilman,1994-11-01
Ivonne,Coffey,2002-07-19
Katelynn,Chaves,2009-09-16
Sanford,Rios,1977-09-12
Magaly,Kimball,2021-07-19
Chantelle,Riley,1983-07-04
Pattie,Stackhouse,1979-10-12
Hung,Cade-Tisdale,2010-11-23
Antionette,Slayton,1995-09-23
Cherryl,Fredericks,1986-10-01
Wesley,Markley,1991-03-27
Brunilda,Francis,1993-05-05
Williams,Isaacs,1992-04-21
Cleo,Pickens,1989-04-15
Earlie,Pedroza,1995-10-23
Providencia,Womack,1975-02-12
Pauline,Burris,1998-09-24
Emmett,Saucedo,1970-05-19
Melvin,Miley,1988-07-31
Kaley,Kitchen,2018-09-23
Hal,Doolittle,2016-05-05
Evette,Hollenbeck,1994-12-26
Maya,Huerta,2002-02-11
Caitlyn,Sheffield,1971-03-24
Weldon,Toth,2005-06-24
Emil,Larson,2021-01-02
Ronald,Yoon,2020-05-23
Consuela,Joyce,1976-04-23
Gwendolyn,Fredrick,1973-06-10
Elli,Sweeney,2021-01-25
Marica,Irvine,1999-01-18
Clementine,Rutter,1976-06-16
Charla,Bozeman,1987-01-08
Vicente,Toler,2016-10-24
Neil,Love,1971-09-15
Jackeline,Smothers,1977-09-22
Sadie,Streeter,2001-08-21
Tasha,Flood,2002-03-30
Donita,Mcgill,1977-09-15
Jermaine,Kersey,2005-03-17
Serita,Custer,2004-10-30
Mario,Eldridge,2004-08-30
Elias,Solomon,2022-05-09
Jina,Robertson,1998-11-21
Eulalia,Kingsbury,2001-08-25
Amy,Mccaskill-Lyman,1981-05-29
Rosa,Hatley,1984-07-04
Yahaira,Fournier,2020-02-12
Stacee,Goble,1990-12-13
Debora,Mcnair,2005-05-26
Shanta,Golden,2007-10-12
Faviola,Choate-Taylor,2005-08-22
Mimi,Bland,2009-05-11
Elwood,Thurston,2016-06-26
Lia,Fredrickson,1992-04-29
Ranee,Kinney,2021-03-31
Jasper,Mahon,2006-09-06
Weston,Redden,1988-01-17
Belia,Swank,2009-06-14
Nakisha,Bouchard,1998-11-30
Tisha,Roney,1979-11-27
Lilliana,Zielinski,1986-03-05
Faviola,Steed,2019-09-28
Bryanna,Costa,2018-03-26
Jonie,Hanson,2014-05-17
Youlanda,Dunning,2001-09-28
Divina,Tom,1979-10-31
Young,Peak,1982-02-21
Dawne,Early,2021-07-27
Jammie,Bearden,2017-07-15
Francina,Espino,1984-03-22
Irmgard,Talley,2021-07-08
Marvella,Pendleton,2021-04-28
Isis,Nixon,1987-05-18
Karma,Cabral,2021-03-31
Olevia,Daniel,1985-02-15
Edmond,Uribe,1974-09-23
Billye,Wiese,1985-07-23
Jamal,Cheng,1994-11-06
Clora,Mcginnis,2009-08-14
Aleta,Donnelly,1994-10-07
Susann,Lo,2013-06-13
Pia,Baron-Wallin,2000-04-07
Patsy,Macleod,1986-08-09
Jefferey,Stoll,2011-09-07
Brendon,Griffith,2017-07-25
Rick,Hudgins-Spooner,1989-05-14
Shawanda,Lively,2017-10-17
Dannie,Werner,1983-09-09
Earnestine,Loving,1979-09-21
Ivey,Varney,1973-11-05
Dakota,Cass,2005-06-05
Jeri,Donnelly,1988-08-06
Na,Hoke,1991-08-07
Milissa,Tyler,1976-10-05
Ossie,Wheatley,1987-08-16
Natalie,Otto,2017-08-10
Epifania,Gaston,2016-05-29
Merilyn,Chong,2019-09-03
Kacey,Smalley,2017-04-04
Evangeline,Dinkins,1975-05-25
Yesenia,Keegan,2001-06-30
Terry,Ezell,1980-02-11
Annabel,Roman,1972-04-24
Marcus,Bussey,1989-08-30
Charleen,Barfield,2022-07-11
Mignon,Ellison,1984-07-25
Maribel,Nunn,1994-12-12
Merrilee,Thomas,2002-08-04
Seema,Hundley,1984-06-20
Melina,Upshaw,1976-03-23
Lawerence,Brigham,1984-10-25
Issac,Romero,1970-10-17
Josh,Morehead,1971-06-18
Setsuko,Pederson,2012-06-19
Brenda,Seymour,1991-02-24
Thad,Atwood,2003-03-25
Bernie,Wallin,2020-10-05
Carolee,Baughman,1995-02-16
Agnes,Waddell,1987-08-06
Branden,Mast,1999-05-01
Jessie,Samuel,1984-01-26
Conchita,Shelly,2018-11-20
Jeromy,Pedersen,1970-12-06
Gladys,Burr,2019-10-31
Jerrica,Alcorn,2013-09-09
Maurita,Guest,1995-06-06
Rafaela,Ballou,1986-05-31
Yanira,Manns,2006-12-28
Bella,Montague,1971-11-03
Danette,Mooney,1997-09-26
Krysta,Fields,1970-07-23
Sabina,Downey,1986-02-09
Cecile,Otto,1979-01-17
Yvonne,Weinberg,1980-08-04
Mandie,Woodall,2020-10-15
Cole,Roberts,1972-07-25
Vida,Trimble,2014-02-22
Hoyt,Haller,1986-10-22
Stacie,Grisham,2005-10-02
Jacqueline,Eddy,1983-05-19
Jan,Copley,1974-06-08
Garland,Sigler,2012-02-10
Avery,Lara,2022-05-09
Marianne,Ramsay,1978-03-09
Magan,Moulton,1974-08-08
Delmy,Hewitt,1981-12-10
Tameika,Barron,2022-07-04
Patrick,Gardner,1992-01-23
Leda,Ballard,2004-08-25
Adriane,Larsen,2020-08-16
Man,Greiner,1981-03-09
Marty,Sales,2012-09-19
Kathryne,Savoy,1976-08-21
Tarsha,Mercer,2022-07-01
Diedre,Blevins,1997-12-26
Janet,Ricks,1991-11-17
Nolan,Gabbard,2009-10-27
Edwina,Seiler,1983-04-15
Randell,Downey,2006-05-30
Kathie,Dexter,2010-02-16
Fairy,Kraft,1994-05-16
Haley,Pinkney,1972-02-09
Theo,Hardison,1970-12-30
Cami,Pate,1989-01-01
Alane,Beam,1998-04-20
Elva,Kidd-Case,2014-09-22
Alexis,Jerome,1983-11-29
Arminda,Eden-Desjardins,1974-09-07
Marcy,Thurman,1994-12-12
Renate,Magee,1984-01-01
Salley,Pantoja,1997-05-05
Marceline,Herrin,2009-10-22
Cedric,Soliz,2021-01-22
Wiley,Sayers,2000-03-17
Maryam,Kiefer,2018-11-06
Corrin,Elam,1993-12-13
Brittaney,Diggs,1988-08-22
Becki,Vega,2004-09-25
Celesta,Mcdonough,1998-11-18
Geraldo,Scott,2003-02-21
Dwayne,Justice,2010-11-25
Andreas,Mathias,1991-09-01
Clare,Forrest,1994-07-21
Hellen,Frick,1973-04-12
Marla,Ritchie,2011-12-03
Chad,Gale,1991-02-18
Azalee,Corona,1997-05-13
Charley,Cronin,1981-06-01
Carma,Straub,2018-12-09
Olympia,Sawyers,2004-12-22
Antoine,Sheehan,1978-05-21
Daisy,Cupp,1984-05-15
Page,Olivas,2008-12-30
Chu,Grove,2003-04-20
Frederica,Crowe,1992-06-11
Dan,Roderick,2006-10-06
Carson,Enright,1995-04-30
Velva,Battles,2008-08-30
Emily,Gordon,2021-09-25
Benny,Bisson,2014-12-24
Lavonda,Balderas,2010-02-14
Shantay,Clifford,1991-08-06
Norene,Surratt,1992-05-19
Lakenya,Casper,1984-02-01
Donita,Fain,1995-10-12
Megan,Taft,2020-05-26
Leslee,Chisolm,1970-08-09
Tereasa,Mcfadden,1989-03-12
Violeta,Holmes,1970-11-30
Scott,Peralta-Blank,2020-11-20
Josefine,Provost,2011-04-07
Shakira,Goad,2021-07-11
Erlinda,Do,2005-01-05
Thomasina,Dove,1993-01-11
Zandra,Wilber-Haight,1973-09-28
Zita,Simone,2002-03-15
Efrain,Wampler,1977-06-26
Annamae,Maxey,2004-07-19
Caroyln,Everhart,1993-04-30
Emerson,Morales,1987-12-19
Vonnie,Darling,1995-05-16
Nikole,Rauch,1994-11-11
Mickey,Boyette,2017-06-29
Jeanett,Melancon,2017-11-02
Pamula,Lemke,1977-02-01
Carrie,Saenz,1979-04-21
Mackenzie,Larry,1994-09-05
Eleanora,Marcus,2005-12-05
Tiffani,Miller,2015-10-15
Bradley,Kane,2018-11-12
Jacelyn,Peck,2019-02-11
Abbey,Christiansen,2003-04-14
Alfonzo,Biggs,2013-12-11
Jade,Race,1974-09-05
Dick,Mcfall,1974-09-24
Vince,Herrington,1976-09-13
Coleen,Patino,2006-05-29
Wallace,Lindsey,1970-06-21
Georgine,Barkley,1974-09-21
Anya,Bettencourt,1976-02-10
Jesse,Mcclain,1981-12-05
Homer,Dugan,1976-07-31
Valerie,Najera,2018-04-27
Flavia,Hussey,2013-07-13
George,Valadez,2021-01-19
Tod,Way,2000-10-17
Nella,Higginbotham,1981-03-24
Freddy,Fredrick,2020-09-27
Muoi,Seay,2017-04-12
Kiesha,Bourne,1982-10-28
Antione,Blakely,1998-10-08
Corrinne,Humphrey,1981-01-14
Ardath,Putman,1978-04-11
Britta,Corbin,2016-07-14
Odell,Champion,1986-04-30
Shalonda,Oreilly,2020-10-08
Leif,Reinhart,2012-12-02
Rubi,Blevins,1973-05-11
Freeman,Prince,1992-02-14
Carlyn,Rayburn,2013-01-25
Dagny,Garrison,1985-11-16
Cinthia,Moreland,1981-02-12
Kristle,Koonce,2012-08-31
Thomasine,Laporte,1970-02-20
Brittaney,Bunn,2002-04-07
Tenisha,Morehead,1981-06-09
Alesha,Henson,2000-05-14
Manuela,Samuel,2009-06-19
Norene,Pelletier,1994-05-17
Kiana,Burkholder,1973-12-30
Josue,Oconnor,1996-12-23
Angila,Haller,2010-02-12
Kathe,Lockhart,2007-06-23
Sherryl,Neeley,1970-11-29
Todd,Bronson,1988-05-17
Milda,Labbe,2007-07-18
Taylor,Benavidez,2014-10-18
Aletha,Callaghan,2007-11-27
Diane,Batista,2007-06-01
Loura,Minton,1984-04-30
Suzie,Hanlon,1993-09-27
Keeley,Laroche,1984-02-28
Elizabeth,Woods,1973-09-04
Zella,Mello,1978-01-11
Antonette,Speer,2017-02-26
Elinore,Newsom,1988-06-26
Olive,Rowley,2022-08-18
Jamison,Tisdale,1976-10-04
Nathalie,Blais,1975-12-28
Samara,Shultz,2021-03-07
Janett,Fulmer,1984-03-23
Vernice,Cleveland,1989-09-20
Tonia,Sacco,1990-03-11
Gaynell,Avalos,1981-05-17
Dulce,Hand,1997-12-29
Alesha,Marvin,2009-06-03
Vickey,Elliot-Bronson,2000-01-02
Frieda,Dowdy,2008-09-30
Billye,Schoonover,2022-10-07
Loan,Shaffer,2004-09-24
Danilo,Ragsdale,2008-11-29
Elsie,Keen,2007-03-23
Minh,Appleton,1999-08-30
Marco,Mabe,2000-02-23
Marvin,Irish,2021-04-29
Zachariah,Rutter,2000-10-13
Frances,Kimbrell,1971-03-30
Marg,Maier,1980-06-07
Edie,Evers,2006-05-23
Loni,Mcgraw,1997-04-20
Porsche,Cavazos,1970-02-20
Sebastian,Shephard,2016-01-20
Loyd,Cass,2002-06-23
Artie,Howard,1987-12-25
Jamar,Barbosa,2016-08-10
Truman,Kozak,1972-01-05
Lasonya,Scarborough,2003-01-05
Carter,Goodman,2020-08-10
Shanae,Gerald,2011-05-30
Maurine,Lin-Diehl,1999-06-19
Carmina,Mchenry,1982-02-03
Jada,Shelley,2016-08-03
Sherita,Batson,1996-01-02
Krysten,Bible,1996-02-05
Donnetta,Downing,1995-12-24
Jenine,Francois,1976-07-03
Domitila,Ocasio,1988-04-02
Yolande,Osgood,2013-08-15
Galina,Hale,1988-01-28
Daine,Oates,1992-03-11
Kayla,Dougherty,2005-03-09
Lyndsey,Alcorn,2017-09-11
Carmella,Casey,1982-09-10
Katrina,Cotter,2020-04-27
Clifton,Hughey,1973-04-19
Jeanene,Benavides,1970-03-01
Benny,Cobb,1995-03-22
Mammie,Purcell,1973-10-16
Jeremy,Mickens,1977-08-18
Lang,Mcfarlane,2009-08-31
Anabel,Mckeown,2014-02-19
Fae,Mccullough,2021-09-26
Skye,Levesque,2004-09-10
Syble,Schubert,1978-09-12
Brock,Field,1983-09-22
Lanita,Crouch,2002-12-02
Lynsey,Benson,1998-02-24
Kami,Spicer,2004-07-19
Bella,Grimm,2001-08-28
Nilsa,Holland,1973-06-14
Rose,Coulter,1994-05-23
Lulu,Beavers,1993-06-27
Ulysses,Lugo,2004-04-18
Manuel,Haag-Varney,2016-01-18
Dawna,Woodcock,1970-06-05
Norma,Fulkerson,1992-11-14
Tabatha,Burbank,1972-04-24
Lisandra,Roderick,2013-05-14
Elton,Tilton,2016-09-19
Deidra,Norman,2014-02-20
Lee,Caruso,1992-08-29
Rosie,Pemberton-Upshaw,1992-07-20
Afton,Fields,1974-12-29
Yael,Foret,1999-02-05
Ingeborg,Guffey,1981-08-18
Jacelyn,Stjohn,1996-02-23
Rayford,Ulmer,1998-02-24
Kandace,Hubert,2000-07-01
Madaline,Goodson,1976-08-28
Erwin,Coffey,2013-06-06
Melony,Needham,2009-10-02
Cheryll,Spencer,2006-09-04
Errol,Salas,1982-12-02
Elisabeth,Arellano,2002-09-29
Deadra,Eaton,2014-06-16
Michelina,England,2016-07-11
Numbers,Dewey,1992-01-23
Luanne,Gilliland,1977-09-23
Fallon,Presley,1995-12-06
Williams,Battle,1976-12-01
Carole,Adamson,2017-07-06
Shavon,Scribner,2014-10-27
Therese,Harding,2012-07-29
Belen,Hofmann,2008-10-02
Mayola,Flanders,1993-01-23
Hazel,Dominguez,1981-02-09
Jeanmarie,Tam,1991-09-29
Toshiko,Mccaskill,1991-02-19
Christi,Dunn,1989-12-04
Octavia,Fullerton,2011-10-08
Lenore,Stubblefield,1998-12-31
Cristi,Drake,2004-01-02
Tamar,Braswell,1996-03-31
Ji,Grubbs,2016-04-24
Willene,Ojeda,1982-03-16
Kaitlin,Overby-August,2021-09-18
Tambra,Caudle,1989-09-01
Alycia,Rowe,2006-01-12
Sona,Eck,2020-10-24
Jason,Cathey,1975-07-31
Tenesha,Craven,1977-04-24
Dannie,Chang,1990-10-07
Krissy,Bailey,1982-12-20
Viola,Carl,2016-01-29
Coleman,Penrod,2017-08-31
Giselle,Layman-Cramer,2008-05-11
Dino,Dallas,1990-07-08
Isobel,Shackelford,2009-03-15
Mana,Gaskin,1986-07-09
Theressa,Messer,2016-06-12
Katharyn,Boyles,2007-05-29
Annmarie,Ponce-Wahl,1981-07-31
Cruz,Hynes,1993-11-13
Jannette,Sells,1999-05-25
Anneliese,Cherry,2017-02-21
Sheila,Wasson,2013-11-27
Marica,Rector,1997-09-29
Yessenia,Pierson,1979-01-22
Leisa,Wagoner,2021-02-03
Jonah,Golding,2021-12-21
Marisela,Bradley,1988-04-12
Venetta,Cunningham,1971-02-05
Rosendo,Mabe,2010-01-03
Vanesa,Durant,1983-10-14
Eve,Chow,1999-09-19
Susanne,Prichard,1978-01-24
Julee,Sallee,1985-05-08
Teresita,Barrios,2006-12-18
Niki,Loomis,2013-01-03
Norberto,Tam,1980-02-18
Velva,Sam,1994-01-21
Nada,Pointer,1994-04-28
Charisse,Weir,2016-12-12
Cherilyn,Fenwick,1981-03-29
Summer,Locke,2007-06-07
Miguel,Gilbreath,1974-07-17
Joana,Andrade,2009-01-03
Gay,Rizzo,2012-06-16
Ferne,Laney,1985-07-02
Adela,Stein,1978-01-03
Tonda,Bronson,2006-03-24
Roxanna,Olivarez,2013-04-09
Bianca,Loy,1991-08-14
Pinkie,Smalley,1975-12-12
Treva,Trimble,2020-07-26
Vannesa,Gannon,2015-03-23
Louetta,Boling,2010-04-21
Isobel,Hein,1971-01-23
Leatha,Erdmann,1990-08-26
Meg,Bonilla,2011-11-20
Tyra,Grey,1986-03-25
Charolette,Ainsworth,1973-02-16
Merrilee,Pollard,2009-07-10
Vennie,Luis,2015-06-02
Alvin,Hargrove,1977-02-19
Janita,Koehler,1980-09-28
Ronni,Hodgson,2006-03-29
Elda,Everett,2001-06-09
Tai,Dibble,2002-05-13
Belinda,Ethridge,2019-04-22
Matha,Blythe,1977-06-14
Molly,Hardee,1995-05-05
Oralia,Campbell,2009-03-23
Isabel,Hill,1977-07-24
Rupert,Faulk,2004-03-28
Kathline,Browder,1976-06-12
Maddie,Carbone-Hindman,1970-01-25
Neely,Santoro,2000-10-15
Selene,Folsom,1970-06-17
Karoline,Maynard,1998-03-03
Page,Bilodeau,1990-03-05
Gidget,Osborne,2005-12-18
Kathrin,Benge,1970-11-23
Nicola,Rickman,1997-09-07
Monique,Blalock,1971-01-22
Marta,Dugger,1974-11-01
Neva,Alba,2015-03-28
Suzan,Roman,1985-11-06
Hang,Armijo,1991-01-11
Derrick,Culpepper,1990-07-30
Magaly,Neuman,1975-02-21
Annette,Cotton,2019-06-19
Alphonse,Trombley,2009-06-05
Rosann,Quezada,1986-05-29
Janine,Aguilera,1986-01-09
Kimi,Sabo,1984-07-12
Zenaida,Parrish,1981-12-25
Audra,Dunlap,2012-05-31
Colleen,Hacker,1970-05-10
Silas,Sanderson,1994-10-11
Ed,Buffington,1974-07-04
Manual,Barron,1970-09-27
Bettye,Lincoln,1980-05-19
Marg,Tom,1972-11-30
Carlee,Usher,1970-02-11
Hollie,Willett-Mcnulty,1974-02-04
Fiona,Cheney,2015-10-10
Carolyne,Mays,1981-11-09
Haley,Mendes,2014-02-07
Winston,Steed-Bradley,1987-02-26
Delilah,Friend,1982-05-26
Ciara,Cooper,1975-11-14
Jerald,Romero,2022-09-28
Sheri,Crocker,1996-01-19
Daniella,Mendoza,1996-10-05
Delphine,Kauffman,2011-09-29
Bess,Keller,1972-04-29
Duane,Grace,2001-07-24
Autumn,Dorman,1982-07-19
Dann,Meredith,1998-10-04
An,Booker,2016-05-20
Bibi,Stanley,2008-06-05
Juliette,Whipple,2006-10-18
Norris,Lattimore,2015-12-11
Inez,Ulrich,1988-06-21
Steve,Spain,1984-08-03
Geri,Hogue,2012-11-18
Hugo,Savage,1982-09-19
Lauryn,Doe-Carbajal,1994-01-01
Mallory,Jansen,1999-01-08
Mohammad,Meeks,1996-01-23
Nannette,Whitfield,1986-04-26
Jesica,Baines,1977-02-03
David,Hopper,2019-06-17
Audra,Craig,2004-04-22
Adaline,Cornish,2016-12-05
Carlena,Bowser,2012-06-21
Chasity,Preston,1990-02-23
Alyssa,Hays,2013-09-27
Jamie,South,1977-02-15
Verena,Fredericks,2010-11-08
Deirdre,Gamez,1981-05-14
Oralia,Pitts,1991-10-16
Portia,Boettcher,2017-07-29
Lenita,Reyna-Schmidt,1993-08-15
Ruben,Pagan,2010-10-06
Phillis,Doughty,1980-02-05
Joanna,Poore,1989-07-19
Edith,Franco,2009-06-14
Norris,Brubaker,1997-02-15
Olimpia,Preston,2006-09-20
Esta,Sutherland,2007-02-26
Verna,Luttrell,2006-02-04
Susann,Tyner,1986-06-24
Nigel,Karr,1997-10-16
Racquel,Lemay,2005-04-27
Taisha,Villa,1990-08-21
Santina,Baez,2007-02-17
Cory,Yarborough,1988-08-31
Mazie,Swanson,2015-10-07
Lidia,Coley,2014-07-26
Genny,Huntington,2022-09-30
Fatimah,Comstock,2011-05-16
Clemente,Stein,1972-08-25
Hyman,Boothe,1975-03-31
Huey,Hatch,1999-04-27
Phung,Quezada,1988-03-04
Danyel,Moya,1988-03-04
Marc,Samuel,2015-08-17
Nobuko,Fournier,1970-06-30
Shirleen,Abreu,2005-06-17
Kellye,Schulz,2007-04-06
Therese,Mcinnis,1996-12-06
Delinda,Weir,1980-08-31
Jacquline,Osborne,1981-01-26
Hester,Fish,2010-04-15
Jerald,Neely,1971-04-17
Kyra,Whatley,1978-12-01
Brandon,Seidel,2018-10-18
Susanne,Varela,1971-02-24
Jeanice,Barringer,2010-03-09
Logan,Lafferty,1991-05-11
Coleman,Venegas,2018-12-15
In,Gall,2015-02-07
Lacresha,Mcgrath,1993-06-12
Duane,Mcclung,2022-07-23
Will,Jenson,2010-03-15
Alda,Sumpter,2014-03-30
Chantelle,Pitcher,1997-03-28
Grayce,Willson,2018-08-30
Monet,Gerald,2021-03-02
Xiomara,Coles,1984-12-11
Kate,Cormier,2010-10-06
Minna,Jasso,1988-02-23
Sandie,Warner,1992-07-29
Cheree,Rowell,2009-09-11
Macie,Li,1994-08-21
Shana,Cobbs,2009-10-11
Kimberli,Cahill,1978-05-04
Arlie,Wooley,2015-12-06
Ulysses,Wadsworth,1979-04-29
Sherlene,Wynn-Peck,1987-03-04
Buck,Groce,1971-08-08
Osvaldo,Ragland,1988-10-13
Lazaro,Salas,2020-03-20
Jin,Cornejo,1977-01-17
Ruthe,Hardison,2001-07-25
Derick,Paulk,1991-07-08
Calista,Reid,2017-01-06
Shanice,Lunsford,2017-10-04
Nu,Harter,2014-01-19
Kimber,Janssen,2016-03-30
Page,Blalock,2005-11-15
Tennie,Carrico,1974-02-01
Sherry,Espinal,1994-11-27
Tamar,Hamel,1992-03-14
Cassidy,Magnuson,1991-09-28
Conchita,Funk,2022-04-10
Collene,Bowens,1982-12-04
Willia,Morrison,2019-11-30
Charley,Tafoya,2010-06-10
Kaylene,Mchugh,1982-06-02
Sandy,Dyer,2005-02-16
Candis,Vogel,1996-08-08
Damon,Pressley,2000-01-01
Naoma,Case,1972-06-12
Eloise,Cochran,2021-10-15
Cyrus,Calhoun,2005-07-18
Kymberly,Eaton,2006-11-12
Brenna,Knowles,1979-10-28
Krystyna,James,1972-07-07
Birdie,Lim,2015-10-22
Gerri,Hendrickson,1978-02-17
Eldridge,Baxter,2022-03-28
Brittani,Slocum,1984-09-30
Janyce,Boettcher,2012-12-22
Sharilyn,Book,2017-07-16
Hanna,Forbes,1988-07-26
Shea,Wilbanks,1970-11-02
Bunny,Andrews,1990-08-13
Corazon,Villareal,2015-04-07
Cherlyn,Serna,2020-03-07
Rachele,Tindall,1980-01-02
Petronila,German,1977-11-11
Calandra,Moser,2016-10-17
Jarod,Epperson,2008-02-23
Renda,Gossett,2018-07-07
Krystal,Settle,2020-03-23
Kesha,Valles,2022-08-05
Katheleen,Pyle,2013-06-13
Corliss,Barr,1979-02-10
Rickey,Francois,2002-06-25
Romana,Geer,1998-09-08
Wilda,Carnes,2003-07-21
Adrianna,Daley,1987-12-08
Katelynn,Mackay,2011-01-26
Lorriane,Carlos,1987-08-06
Nicki,Will,2015-04-09
Miyoko,Dodd,2003-01-08